Report,Groups and membership changes
sha256 of the report data,2b277b5eba8c02b81b84d88f0865e731b8a64e9d279e1bd30088397f620e620f

Section,Provenance and coverage,not sealed: states the run

List,Provenance
Handling,Handling: internal — access review evidence
Cluster,dashboard — https://kubernetes.default.svc
Generated at (UTC),2026-10-04T00:08:46Z
Generated by,"developer (proxy-verified, ticket from the dashboard)"
Run id,20261004T000846.573126Z-6d8e
Report service,4.2.0 @ 50f89fb4c3
Data as of,snapshot 2026-10-04T00:05:23.897234Z (taken 3 min before generation; bindings refresh every 3600 s); schema 20
Last poll,2026-10-04T00:05:23Z — ok
Namespaces,every namespace on the cluster was read — a namespace with no grants is reported as having none
User objects,read — ‘logged in’ means a User object with an identity exists
Login capture,on — attempts are recorded; see the note for since when
History retained since,"membership_event: 2026-09-21T06:15:27Z, sync_event: 2026-09-21T06:15:27Z, login_event: 2026-09-21T06:15:28Z"
Includes membership rosters,no
Parameters,"groups=[], include_members=False, window_days=30"
PDF,variant pdf/a-2b; font DejaVu Sans 2.37

Note,"Every namespace on the cluster was read, so a requested namespace that does not exist is reported as such, and a namespace with no observed binding is reported as having no grants."

Note,User objects were read; 'logged in' means a User with an identity exists.

Note,Login attempts are recorded since 2026-09-21T06:15:28Z (last read 2026-10-04T00:04:49Z); nothing before that was ever observed.

Caveat,Scope: direct bindings only; role rules are not evaluated — this is not an effective-permissions calculation.

Section,Summary,sealed

List,Groups
Total,66
Empty (no members),0
Unattributed (no sync provider),0
Members added in 30 d,95
Members removed in 30 d,0
Membership history retained since,2026-09-21T06:15:27Z

Section,Inventory,sealed

Table,Groups
group,provider,members,synced at,bindings,cliff silence
app-ocp-rbac-abcd-ns-superuser,app-ocp-rbac-group-groupsync_ldap,1,2026-10-04T00:00:01Z,0,
app-ocp-rbac-alpha-cluster-admin,app-ocp-rbac-group-groupsync_ldap,1,2026-10-04T00:00:00Z,1,
app-ocp-rbac-alpha-cluster-audit,app-ocp-rbac-group-groupsync_ldap,1,2026-10-04T00:00:00Z,1,
app-ocp-rbac-alpha-cluster-developer,app-ocp-rbac-group-groupsync_ldap,2,2026-10-04T00:00:00Z,1,
app-ocp-rbac-alpha-database-admin,app-ocp-rbac-group-groupsync_ldap,2,2026-10-04T00:00:00Z,1,
app-ocp-rbac-alpha-ns-admin,app-ocp-rbac-group-groupsync_ldap,1,2026-10-04T00:00:00Z,0,
app-ocp-rbac-alpha-ns-audit,app-ocp-rbac-group-groupsync_ldap,1,2026-10-04T00:00:00Z,0,
app-ocp-rbac-alpha-ns-developer,app-ocp-rbac-group-groupsync_ldap,2,2026-10-04T00:00:00Z,0,
app-ocp-rbac-beta-ns-admin,app-ocp-rbac-group-groupsync_ldap,2,2026-10-04T00:00:00Z,0,
app-ocp-rbac-beta-ns-audit,app-ocp-rbac-group-groupsync_ldap,1,2026-10-04T00:00:01Z,3,
app-ocp-rbac-beta-ns-developer,app-ocp-rbac-group-groupsync_ldap,1,2026-10-04T00:00:00Z,2,
app-ocp-rbac-demo-cluster-admin,app-ocp-rbac-group-groupsync_ldap,1,2026-10-04T00:00:00Z,1,
app-ocp-rbac-demo-cluster-audit,app-ocp-rbac-group-groupsync_ldap,1,2026-10-04T00:00:00Z,1,
app-ocp-rbac-demo-cluster-developer,app-ocp-rbac-group-groupsync_ldap,1,2026-10-04T00:00:00Z,1,
app-ocp-rbac-demo-ns-admin,app-ocp-rbac-group-groupsync_ldap,2,2026-10-04T00:00:00Z,0,
app-ocp-rbac-demo-ns-audit,app-ocp-rbac-group-groupsync_ldap,1,2026-10-04T00:00:00Z,5,
app-ocp-rbac-demo-ns-developer,app-ocp-rbac-group-groupsync_ldap,2,2026-10-04T00:00:00Z,3,
app-ocp-rbac-finance-cluster-developer,app-ocp-rbac-group-groupsync_ldap,2,2026-10-04T00:00:00Z,1,
app-ocp-rbac-groupsync-ns-auditor,app-ocp-rbac-group-groupsync_ldap,3,2026-10-04T00:00:01Z,1,
app-ocp-rbac-jeff-ns-audit,app-ocp-rbac-group-groupsync_ldap,1,2026-10-04T00:00:01Z,2,
app-ocp-rbac-jeff-ns-developer,app-ocp-rbac-group-groupsync_ldap,1,2026-10-04T00:00:01Z,2,
app-ocp-rbac-lateef-ns-developer,app-ocp-rbac-group-groupsync_ldap,1,2026-10-04T00:00:01Z,0,
app-ocp-rbac-newteam-cluster-admin,app-ocp-rbac-group-groupsync_ldap,2,2026-10-04T00:00:00Z,1,
app-ocp-rbac-ocp-cluster-admin,app-ocp-rbac-group-groupsync_ldap,2,2026-10-04T00:00:01Z,1,
app-ocp-rbac-ocp-keycloak-admin,app-ocp-rbac-group-groupsync_ldap,4,2026-10-04T00:00:01Z,0,
app-ocp-rbac-ocp-ns-audit,app-ocp-rbac-group-groupsync_ldap,1,2026-10-04T00:00:01Z,1,
app-ocp-rbac-ocp-ns-developer,app-ocp-rbac-group-groupsync_ldap,1,2026-10-04T00:00:01Z,1,
app-ocp-rbac-plat-ns-audit,app-ocp-rbac-group-groupsync_ldap,1,2026-10-04T00:00:01Z,0,
app-ocp-rbac-platform-cluster-admin,app-ocp-rbac-group-groupsync_ldap,2,2026-10-04T00:00:00Z,1,
app-ocp-rbac-platform-cluster-developer,app-ocp-rbac-group-groupsync_ldap,2,2026-10-04T00:00:00Z,1,
app-ocp-rbac-platform-ns-admin,app-ocp-rbac-group-groupsync_ldap,2,2026-10-04T00:00:00Z,0,
app-ocp-rbac-platform-ns-audit,app-ocp-rbac-group-groupsync_ldap,1,2026-10-04T00:00:00Z,0,
app-ocp-rbac-spar-ns-admin,app-ocp-rbac-group-groupsync_ldap,1,2026-10-04T00:00:00Z,0,
app-ocp-rbac-spar-ns-audit,app-ocp-rbac-group-groupsync_ldap,1,2026-10-04T00:00:00Z,2,
app-ocp-rbac-spar-ns-developer,app-ocp-rbac-group-groupsync_ldap,2,2026-10-04T00:00:00Z,2,
app-ocp-rbac-test-cluster-admin,app-ocp-rbac-group-groupsync_ldap,1,2026-10-04T00:00:01Z,1,
app-ocp-rbac-toolong-ns-audit,app-ocp-rbac-group-groupsync_ldap,1,2026-10-04T00:00:01Z,0,
app-ocp-rbac-trno-ns-admin,app-ocp-rbac-group-groupsync_ldap,1,2026-10-04T00:00:00Z,0,
app-ocp-rbac-trno-ns-audit,app-ocp-rbac-group-groupsync_ldap,1,2026-10-04T00:00:00Z,1,
app-ocp-rbac-trno-ns-developer,app-ocp-rbac-group-groupsync_ldap,1,2026-10-04T00:00:00Z,1,
app-ocp-rbac-tsta-ns-audit,app-ocp-rbac-group-groupsync_ldap,1,2026-10-04T00:00:01Z,0,
app-ocp-rbac-tstb-ns-audit,app-ocp-rbac-group-groupsync_ldap,1,2026-10-04T00:00:01Z,0,
app-ocp-rbac-tstc-ns-audit,app-ocp-rbac-group-groupsync_ldap,1,2026-10-04T00:00:01Z,0,
app-ocp-rbac-tstd-ns-audit,app-ocp-rbac-group-groupsync_ldap,1,2026-10-04T00:00:01Z,0,
app-ssb-autobahnusers,autobahnusers-onboarding-groupsync_ldap,10,2026-10-04T00:00:00Z,0,
bda-rbac-flink-alpha-apps,bdp-oud-group-rbac-groupsync_ldap,1,2026-10-04T00:00:00Z,0,
bda-rbac-flink-alpha-users,bdp-oud-group-rbac-groupsync_ldap,1,2026-10-04T00:00:00Z,0,
bda-rbac-presto-alpha-users,bdp-oud-group-rbac-groupsync_ldap,1,2026-10-04T00:00:00Z,0,
bda-rbac-spark-alpha-apps,bdp-oud-group-rbac-groupsync_ldap,1,2026-10-04T00:00:00Z,0,
bda-rbac-spark-alpha-users,bdp-oud-group-rbac-groupsync_ldap,2,2026-10-04T00:00:00Z,1,
bda-rbac-spark-delta-apps,bdp-oud-group-rbac-groupsync_ldap,1,2026-10-04T00:00:00Z,0,
bda-rbac-spark-delta-users,bdp-oud-group-rbac-groupsync_ldap,1,2026-10-04T00:00:00Z,0,
bda-rbac-spark-gamma-apps,bdp-oud-group-rbac-groupsync_ldap,1,2026-10-04T00:00:00Z,0,
bda-rbac-spark-omega-users,bdp-oud-group-rbac-groupsync_ldap,1,2026-10-04T00:00:00Z,0,
bda-rbac-spark-synca-users,bdp-oud-group-rbac-groupsync_ldap,1,2026-10-04T00:00:00Z,0,
bda-rbac-spark-syncb-users,bdp-oud-group-rbac-groupsync_ldap,1,2026-10-04T00:00:00Z,0,
bda-rbac-spark-syncc-users,bdp-oud-group-rbac-groupsync_ldap,1,2026-10-04T00:00:00Z,0,
bda-rbac-spark-syncd-users,bdp-oud-group-rbac-groupsync_ldap,1,2026-10-04T00:00:00Z,0,
bda-rbac-spark-theta-apps,bdp-oud-group-rbac-groupsync_ldap,1,2026-10-04T00:00:00Z,0,
bda-rbac-spark-theta-users,bdp-oud-group-rbac-groupsync_ldap,1,2026-10-04T00:00:00Z,0,
bda-rbac-trino-alpha-apps,bdp-oud-group-rbac-groupsync_ldap,1,2026-10-04T00:00:00Z,0,
bda-rbac-trino-alpha-users,bdp-oud-group-rbac-groupsync_ldap,2,2026-10-04T00:00:00Z,1,
bda-rbac-trino-delta-apps,bdp-oud-group-rbac-groupsync_ldap,1,2026-10-04T00:00:00Z,0,
bda-rbac-trino-delta-users,bdp-oud-group-rbac-groupsync_ldap,1,2026-10-04T00:00:00Z,0,
bda-rbac-trino-theta-apps,bdp-oud-group-rbac-groupsync_ldap,1,2026-10-04T00:00:00Z,0,
bda-rbac-trino-theta-users,bdp-oud-group-rbac-groupsync_ldap,1,2026-10-04T00:00:00Z,0,

Section,Groups needing attention,sealed

Table,Empty groups
group,provider
none
Note,"A group that grants nobody: either the directory group emptied, or the LDAP filter no longer matches it."

Table,Unattributed groups
group,members
none
Note,No GroupSync CR claims this group; it is not governed by the directory.

Section,"Membership changes, last 30 days",sealed

Table,Changes
observed at,change,group,member,group synced at
2026-09-21T06:15:27Z,added,app-ocp-rbac-abcd-ns-superuser,charlie.brown,2026-09-21T06:00:00Z
2026-09-21T06:15:27Z,added,app-ocp-rbac-alpha-cluster-admin,jane.smith,2026-09-21T06:00:00Z
2026-09-21T06:15:27Z,added,app-ocp-rbac-alpha-cluster-audit,bob.wilson,2026-09-21T06:00:00Z
2026-09-21T06:15:27Z,added,app-ocp-rbac-alpha-cluster-developer,bob.wilson,2026-09-21T06:00:00Z
2026-09-21T06:15:27Z,added,app-ocp-rbac-alpha-cluster-developer,jane.smith,2026-09-21T06:00:00Z
2026-09-21T06:15:27Z,added,app-ocp-rbac-alpha-database-admin,alice.cooper,2026-09-21T06:00:00Z
2026-09-21T06:15:27Z,added,app-ocp-rbac-alpha-database-admin,dana.lee,2026-09-21T06:00:00Z
2026-09-21T06:15:27Z,added,app-ocp-rbac-alpha-ns-admin,jane.smith,2026-09-21T06:00:00Z
2026-09-21T06:15:27Z,added,app-ocp-rbac-alpha-ns-audit,bob.wilson,2026-09-21T06:00:00Z
2026-09-21T06:15:27Z,added,app-ocp-rbac-alpha-ns-developer,bob.wilson,2026-09-21T06:00:00Z
2026-09-21T06:15:27Z,added,app-ocp-rbac-alpha-ns-developer,jane.smith,2026-09-21T06:00:00Z
2026-09-21T06:15:27Z,added,app-ocp-rbac-beta-ns-admin,alice.cooper,2026-09-21T06:00:00Z
2026-09-21T06:15:27Z,added,app-ocp-rbac-beta-ns-admin,jane.smith,2026-09-21T06:00:00Z
2026-09-21T06:15:27Z,added,app-ocp-rbac-beta-ns-audit,bob.wilson,2026-09-21T06:00:00Z
2026-09-21T06:15:27Z,added,app-ocp-rbac-beta-ns-developer,bob.wilson,2026-09-21T06:00:00Z
2026-09-21T06:15:27Z,added,app-ocp-rbac-demo-cluster-admin,john.doe,2026-09-21T06:00:00Z
2026-09-21T06:15:27Z,added,app-ocp-rbac-demo-cluster-audit,bob.wilson,2026-09-21T06:00:00Z
2026-09-21T06:15:27Z,added,app-ocp-rbac-demo-cluster-developer,jane.smith,2026-09-21T06:00:00Z
2026-09-21T06:15:27Z,added,app-ocp-rbac-demo-ns-admin,jane.smith,2026-09-21T06:00:00Z
2026-09-21T06:15:27Z,added,app-ocp-rbac-demo-ns-admin,john.doe,2026-09-21T06:00:00Z
2026-09-21T06:15:27Z,added,app-ocp-rbac-demo-ns-audit,bob.wilson,2026-09-21T06:00:00Z
2026-09-21T06:15:27Z,added,app-ocp-rbac-demo-ns-developer,bob.wilson,2026-09-21T06:00:00Z
2026-09-21T06:15:27Z,added,app-ocp-rbac-demo-ns-developer,jane.smith,2026-09-21T06:00:00Z
2026-09-21T06:15:27Z,added,app-ocp-rbac-finance-cluster-developer,bob.wilson,2026-09-21T06:00:00Z
2026-09-21T06:15:27Z,added,app-ocp-rbac-finance-cluster-developer,charlie.brown,2026-09-21T06:00:00Z
2026-09-21T06:15:27Z,added,app-ocp-rbac-groupsync-ns-auditor,bob.wilson,2026-09-21T06:00:00Z
2026-09-21T06:15:27Z,added,app-ocp-rbac-groupsync-ns-auditor,jane.smith,2026-09-21T06:00:00Z
2026-09-21T06:15:27Z,added,app-ocp-rbac-groupsync-ns-auditor,lateef.o,2026-09-21T06:00:00Z
2026-09-21T06:15:27Z,added,app-ocp-rbac-jeff-ns-audit,jeff,2026-09-21T06:00:00Z
2026-09-21T06:15:27Z,added,app-ocp-rbac-jeff-ns-developer,jeff,2026-09-21T06:00:00Z
2026-09-21T06:15:27Z,added,app-ocp-rbac-lateef-ns-developer,lateef.o,2026-09-21T06:00:00Z
2026-09-21T06:15:27Z,added,app-ocp-rbac-newteam-cluster-admin,charlie.brown,2026-09-21T06:00:00Z
2026-09-21T06:15:27Z,added,app-ocp-rbac-newteam-cluster-admin,john.doe,2026-09-21T06:00:00Z
2026-09-21T06:15:27Z,added,app-ocp-rbac-plat-ns-audit,bob.wilson,2026-09-21T06:00:00Z
2026-09-21T06:15:27Z,added,app-ocp-rbac-platform-cluster-admin,alice.cooper,2026-09-21T06:00:00Z
2026-09-21T06:15:27Z,added,app-ocp-rbac-platform-cluster-admin,john.doe,2026-09-21T06:00:00Z
2026-09-21T06:15:27Z,added,app-ocp-rbac-platform-cluster-developer,jane.smith,2026-09-21T06:00:00Z
2026-09-21T06:15:27Z,added,app-ocp-rbac-platform-cluster-developer,john.doe,2026-09-21T06:00:00Z
2026-09-21T06:15:27Z,added,app-ocp-rbac-platform-ns-admin,jane.smith,2026-09-21T06:00:00Z
2026-09-21T06:15:27Z,added,app-ocp-rbac-platform-ns-admin,john.doe,2026-09-21T06:00:00Z
2026-09-21T06:15:27Z,added,app-ocp-rbac-platform-ns-audit,bob.wilson,2026-09-21T06:00:00Z
2026-09-21T06:15:27Z,added,app-ocp-rbac-spar-ns-admin,jane.smith,2026-09-21T06:00:00Z
2026-09-21T06:15:27Z,added,app-ocp-rbac-spar-ns-audit,bob.wilson,2026-09-21T06:00:00Z
2026-09-21T06:15:27Z,added,app-ocp-rbac-spar-ns-developer,bob.wilson,2026-09-21T06:00:00Z
2026-09-21T06:15:27Z,added,app-ocp-rbac-spar-ns-developer,jane.smith,2026-09-21T06:00:00Z
2026-09-21T06:15:27Z,added,app-ocp-rbac-test-cluster-admin,john.doe,2026-09-21T06:00:00Z
2026-09-21T06:15:27Z,added,app-ocp-rbac-toolong-ns-audit,bob.wilson,2026-09-21T06:00:00Z
2026-09-21T06:15:27Z,added,app-ocp-rbac-trno-ns-admin,john.doe,2026-09-21T06:00:00Z
2026-09-21T06:15:27Z,added,app-ocp-rbac-trno-ns-audit,sarah.jones,2026-09-21T06:00:00Z
2026-09-21T06:15:27Z,added,app-ocp-rbac-trno-ns-developer,charlie.brown,2026-09-21T06:00:00Z
2026-09-21T06:15:27Z,added,app-ocp-rbac-tsta-ns-audit,bob.wilson,2026-09-21T06:00:00Z
2026-09-21T06:15:27Z,added,app-ocp-rbac-tstb-ns-audit,bob.wilson,2026-09-21T06:00:00Z
2026-09-21T06:15:27Z,added,app-ocp-rbac-tstc-ns-audit,bob.wilson,2026-09-21T06:00:00Z
2026-09-21T06:15:27Z,added,app-ocp-rbac-tstd-ns-audit,bob.wilson,2026-09-21T06:00:00Z
2026-09-21T06:15:27Z,added,app-ssb-autobahnusers,alice.cooper,2026-09-21T06:00:00Z
2026-09-21T06:15:27Z,added,app-ssb-autobahnusers,dana.lee,2026-09-21T06:00:00Z
2026-09-21T06:15:27Z,added,app-ssb-autobahnusers,jane.smith,2026-09-21T06:00:00Z
2026-09-21T06:15:27Z,added,app-ssb-autobahnusers,jeff,2026-09-21T06:00:00Z
2026-09-21T06:15:27Z,added,app-ssb-autobahnusers,john.doe,2026-09-21T06:00:00Z
2026-09-21T06:15:27Z,added,app-ssb-autobahnusers,lateef.o,2026-09-21T06:00:00Z
2026-09-21T06:15:27Z,added,app-ssb-autobahnusers,ocp-oauth-bind-serviceid,2026-09-21T06:00:00Z
2026-09-21T06:15:27Z,added,app-ssb-autobahnusers,sarah.jones,2026-09-21T06:00:00Z
2026-09-21T06:15:27Z,added,bda-rbac-flink-alpha-apps,dana.lee,2026-09-21T06:00:01Z
2026-09-21T06:15:27Z,added,bda-rbac-flink-alpha-users,dana.lee,2026-09-21T06:00:01Z
2026-09-21T06:15:27Z,added,bda-rbac-presto-alpha-users,jane.smith,2026-09-21T06:00:01Z
2026-09-21T06:15:27Z,added,bda-rbac-spark-alpha-apps,john.doe,2026-09-21T06:00:00Z
2026-09-21T06:15:27Z,added,bda-rbac-spark-alpha-users,bob.wilson,2026-09-21T06:00:00Z
2026-09-21T06:15:27Z,added,bda-rbac-spark-alpha-users,jane.smith,2026-09-21T06:00:00Z
2026-09-21T06:15:27Z,added,bda-rbac-spark-delta-apps,john.doe,2026-09-21T06:00:00Z
2026-09-21T06:15:27Z,added,bda-rbac-spark-delta-users,alice.cooper,2026-09-21T06:00:00Z
2026-09-21T06:15:27Z,added,bda-rbac-spark-gamma-apps,dana.lee,2026-09-21T06:00:01Z
2026-09-21T06:15:27Z,added,bda-rbac-spark-omega-users,dana.lee,2026-09-21T06:00:01Z
2026-09-21T06:15:27Z,added,bda-rbac-spark-synca-users,bob.wilson,2026-09-21T06:00:01Z
2026-09-21T06:15:27Z,added,bda-rbac-spark-syncb-users,bob.wilson,2026-09-21T06:00:01Z
2026-09-21T06:15:27Z,added,bda-rbac-spark-syncc-users,bob.wilson,2026-09-21T06:00:01Z
2026-09-21T06:15:27Z,added,bda-rbac-spark-syncd-users,bob.wilson,2026-09-21T06:00:01Z
2026-09-21T06:15:27Z,added,bda-rbac-spark-theta-apps,john.doe,2026-09-21T06:00:00Z
2026-09-21T06:15:27Z,added,bda-rbac-spark-theta-users,charlie.brown,2026-09-21T06:00:00Z
2026-09-21T06:15:27Z,added,bda-rbac-trino-alpha-apps,jane.smith,2026-09-21T06:00:00Z
2026-09-21T06:15:27Z,added,bda-rbac-trino-alpha-users,bob.wilson,2026-09-21T06:00:01Z
2026-09-21T06:15:27Z,added,bda-rbac-trino-alpha-users,charlie.brown,2026-09-21T06:00:01Z
2026-09-21T06:15:27Z,added,bda-rbac-trino-delta-apps,jane.smith,2026-09-21T06:00:01Z
2026-09-21T06:15:27Z,added,bda-rbac-trino-delta-users,alice.cooper,2026-09-21T06:00:01Z
2026-09-21T06:15:27Z,added,bda-rbac-trino-theta-apps,john.doe,2026-09-21T06:00:01Z
2026-09-21T06:15:27Z,added,bda-rbac-trino-theta-users,bob.wilson,2026-09-21T06:00:01Z
2026-09-26T18:28:37Z,added,app-ocp-rbac-ocp-cluster-admin,alice.cooper,2026-09-26T18:28:08Z
2026-09-26T18:28:37Z,added,app-ocp-rbac-ocp-cluster-admin,john.doe,2026-09-26T18:28:08Z
2026-09-26T18:28:37Z,added,app-ocp-rbac-ocp-keycloak-admin,alice.cooper,2026-09-26T18:28:08Z
2026-09-26T18:28:37Z,added,app-ocp-rbac-ocp-keycloak-admin,john.doe,2026-09-26T18:28:08Z
2026-09-26T18:30:37Z,added,app-ocp-rbac-ocp-keycloak-admin,sarah.jones,2026-09-26T18:30:15Z
2026-09-26T18:46:37Z,added,app-ocp-rbac-ocp-ns-audit,lateef.o,2026-09-26T18:46:10Z
2026-09-26T18:46:37Z,added,app-ocp-rbac-ocp-ns-developer,jeff,2026-09-26T18:46:10Z
2026-09-27T03:50:33Z,added,app-ocp-rbac-ocp-keycloak-admin,shop.bob,2026-09-27T03:50:11Z
2026-09-27T04:00:33Z,added,app-ssb-autobahnusers,shop.alice,2026-09-27T04:00:00Z
2026-09-27T04:00:33Z,added,app-ssb-autobahnusers,shop.bob,2026-09-27T04:00:00Z

Caveat,"Observed by the dashboard's poll, so a change is dated at the poll that saw it, not at the directory's edit; the history covers only the period since the dashboard began observing (2026-09-21T06:15:27Z)."
